date,total_daily_bikes
2017-01-01,12424
2017-01-02,7702
2017-01-03,10738
2017-01-04,25086
2017-01-05,19309
2017-01-06,13567
2017-01-07,3808
2017-01-08,4441
2017-01-09,8390
2017-01-10,12571
2017-01-11,21345
2017-01-12,27410
2017-01-13,23286
2017-01-14,9973
2017-01-15,11888
2017-01-16,17504
2017-01-17,12889
2017-01-18,20343
2017-01-19,27160
2017-01-20,16870
2017-01-21,18903
2017-01-22,13352
2017-01-23,9373
2017-01-24,8738
2017-01-25,26977
2017-01-26,22250
2017-01-27,22084
2017-01-28,14330
2017-01-29,15966
2017-01-30,22028
2017-01-31,15832
2017-02-01,24400
2017-02-02,24432
2017-02-03,19579
2017-02-04,13071
2017-02-05,13309
2017-02-06,25370
2017-02-07,15384
2017-02-08,30672
2017-02-09,2362
2017-02-10,5591
2017-02-11,8595
2017-02-12,5491
2017-02-13,14010
2017-02-14,19751
2017-02-15,21818
2017-02-16,18767
2017-02-17,18884
2017-02-18,23299
2017-02-19,29375
2017-02-20,24763
2017-02-21,24995
2017-02-22,28429
2017-02-23,33651
2017-02-24,36455
2017-02-25,21409
2017-02-26,16977
2017-02-27,27062
2017-02-28,30209
2017-03-01,23040
2017-03-02,23243
2017-03-03,19782
2017-03-04,9776
2017-03-05,10236
2017-03-06,22806
2017-03-07,17502
2017-03-08,31595
2017-03-09,32331
2017-03-10,10243
2017-03-11,9479
2017-03-12,8829
2017-03-13,16657
2017-03-14,1456
2017-03-15,4070
2017-03-16,7384
2017-03-17,10185
2017-03-18,7158
2017-03-19,11151
2017-03-20,21714
2017-03-21,27498
2017-03-22,17186
2017-03-23,19340
2017-03-24,22516
2017-03-25,19694
2017-03-26,12800
2017-03-27,15311
2017-03-28,13578
2017-03-29,32277
2017-03-30,29742
2017-03-31,7213
2017-04-01,13551
2017-04-02,30727
2017-04-03,35490
2017-04-04,15805
2017-04-05,39074
2017-04-06,11986
2017-04-07,23594
2017-04-08,26731
2017-04-09,35684
2017-04-10,45613
2017-04-11,53747
2017-04-12,41889
2017-04-13,44518
2017-04-14,39306
2017-04-15,32071
2017-04-16,37449
2017-04-17,46095
2017-04-18,48751
2017-04-19,34931
2017-04-20,27789
2017-04-21,25058
2017-04-22,21001
2017-04-23,37877
2017-04-24,39169
2017-04-25,12876
2017-04-26,22348
2017-04-27,39959
2017-04-28,50369
2017-04-29,43938
2017-04-30,33018
2017-05-01,45956
2017-05-02,52883
2017-05-03,50125
2017-05-04,47352
2017-05-05,13364
2017-05-06,33256
2017-05-07,36775
2017-05-08,41995
2017-05-09,46034
2017-05-10,46403
2017-05-11,45067
2017-05-12,41546
2017-05-13,6444
2017-05-14,23612
2017-05-15,42505
2017-05-16,57846
2017-05-17,59582
2017-05-18,53986
2017-05-19,48575
2017-05-20,34983
2017-05-21,39411
2017-05-22,15393
2017-05-23,48783
2017-05-24,44714
2017-05-25,11834
2017-05-26,36227
2017-05-27,35673
2017-05-28,33865
2017-05-29,16407
2017-05-30,39802
2017-05-31,45108
2017-06-01,57043
2017-06-02,52579
2017-06-03,39544
2017-06-04,27769
2017-06-05,37747
2017-06-06,24383
2017-06-07,51953
2017-06-08,51747
2017-06-09,51791
2017-06-10,44264
2017-06-11,37002
2017-06-12,46788
2017-06-13,46909
2017-06-14,43806
2017-06-15,59732
2017-06-16,40405
2017-06-17,24498
2017-06-18,35070
2017-06-19,30327
2017-06-20,55611
2017-06-21,55885
2017-06-22,56626
2017-06-23,37664
2017-06-24,37466
2017-06-25,43017
2017-06-26,55650
2017-06-27,56774
2017-06-28,64834
2017-06-29,59418
2017-06-30,48464
2017-07-01,28392
2017-07-02,33294
2017-07-03,36909
2017-07-04,36110
2017-07-05,52893
2017-07-06,51103
2017-07-07,32084
2017-07-08,43469
2017-07-09,44978
2017-07-10,57569
2017-07-11,50313
2017-07-12,48993
2017-07-13,42391
2017-07-14,21134
2017-07-15,43719
2017-07-16,44160
2017-07-17,55703
2017-07-18,58061
2017-07-19,52737
2017-07-20,47521
2017-07-21,45916
2017-07-22,36036
2017-07-23,33274
2017-07-24,30804
2017-07-25,57365
2017-07-26,64015
2017-07-27,55917
2017-07-28,51271
2017-07-29,36684
2017-07-30,45565
2017-07-31,56903
2017-08-01,56450
2017-08-02,46637
2017-08-03,54219
2017-08-04,39075
2017-08-05,40605
2017-08-06,43537
2017-08-07,21120
2017-08-08,59038
2017-08-09,63231
2017-08-10,58380
2017-08-11,51871
2017-08-12,42042
2017-08-13,43970
2017-08-14,52546
2017-08-15,40808
2017-08-16,57353
2017-08-17,56304
2017-08-18,22858
2017-08-19,44791
2017-08-20,39115
2017-08-21,52281
2017-08-22,49736
2017-08-23,52718
2017-08-24,56218
2017-08-25,51891
2017-08-26,42724
2017-08-27,41963
2017-08-28,54403
2017-08-29,27781
2017-08-30,55886
2017-08-31,54512
2017-09-01,46494
2017-09-02,28893
2017-09-03,18225
2017-09-04,41533
2017-09-05,56003
2017-09-06,26260
2017-09-07,56919
2017-09-08,54757
2017-09-09,45016
2017-09-10,52011
2017-09-11,59738
2017-09-12,61031
2017-09-13,58057
2017-09-14,53199
2017-09-15,54936
2017-09-16,43095
2017-09-17,42976
2017-09-18,50390
2017-09-19,38759
2017-09-20,53520
2017-09-21,53669
2017-09-22,51638
2017-09-23,45944
2017-09-24,40648
2017-09-25,55035
2017-09-26,57764
2017-09-27,56738
2017-09-28,56672
2017-09-29,51518
2017-09-30,33161
2017-10-01,39707
2017-10-02,54741
2017-10-03,57342
2017-10-04,59391
2017-10-05,57374
2017-10-06,52526
2017-10-07,43967
2017-10-08,23649
2017-10-09,22234
2017-10-10,58419
2017-10-11,47974
2017-10-12,42155
2017-10-13,47301
2017-10-14,36704
2017-10-15,37624
2017-10-16,45333
2017-10-17,47658
2017-10-18,53017
2017-10-19,54590
2017-10-20,51292
2017-10-21,44135
2017-10-22,42543
2017-10-23,53528
2017-10-24,24698
2017-10-25,52111
2017-10-26,42388
2017-10-27,46440
2017-10-28,39606
2017-10-29,8755
2017-10-30,25995
2017-10-31,43813
2017-11-01,42580
2017-11-02,51410
2017-11-03,50620
2017-11-04,34031
2017-11-05,20878
2017-11-06,35203
2017-11-07,26215
2017-11-08,36225
2017-11-09,40867
2017-11-10,24324
2017-11-11,16269
2017-11-12,20050
2017-11-13,22114
2017-11-14,36508
2017-11-15,37682
2017-11-16,30202
2017-11-17,32518
2017-11-18,17603
2017-11-19,18605
2017-11-20,30730
2017-11-21,37104
2017-11-22,19283
2017-11-23,8066
2017-11-24,15227
2017-11-25,21038
2017-11-26,17783
2017-11-27,33753
2017-11-28,36846
2017-11-29,41348
2017-11-30,36110
2017-12-01,35024
2017-12-02,25653
2017-12-03,22166
2017-12-04,36659
2017-12-05,25061
2017-12-06,32576
2017-12-07,32195
2017-12-08,27259
2017-12-09,8724
2017-12-10,11743
2017-12-11,28472
2017-12-12,27450
2017-12-13,19784
2017-12-14,14343
2017-12-15,13568
2017-12-16,10186
2017-12-17,13358
2017-12-18,25489
2017-12-19,31583
2017-12-20,27165
2017-12-21,23475
2017-12-22,20899
2017-12-23,6832
2017-12-24,8685
2017-12-25,4110
2017-12-26,9351
2017-12-27,10093
2017-12-28,8349
2017-12-29,8475
2017-12-30,5093
2017-12-31,4679
2018-01-01,4328
2018-01-02,11230
2018-01-03,14646
2018-01-04,2030
2018-01-05,3946
2018-01-06,3732
2018-01-07,4303
2018-01-08,9087
2018-01-09,14151
2018-01-10,16370
2018-01-11,19937
2018-01-12,11629
2018-01-13,11130
2018-01-14,7787
2018-01-15,11026
2018-01-16,17941
2018-01-17,10742
2018-01-18,17130
2018-01-19,19639
2018-01-20,19879
2018-01-21,19144
2018-01-22,25768
2018-01-23,15909
2018-01-24,25087
2018-01-25,19751
2018-01-26,20609
2018-01-27,21959
2018-01-28,11051
2018-01-29,24840
2018-01-30,15448
2018-01-31,18879
2018-02-01,21666
2018-02-02,15297
2018-02-03,10756
2018-02-04,8568
2018-02-05,19056
2018-02-06,21655
2018-02-07,9385
2018-02-08,19384
2018-02-09,19201
2018-02-10,11894
2018-02-11,5934
2018-02-12,23565
2018-02-13,22596
2018-02-14,26884
2018-02-15,28089
2018-02-16,16420
2018-02-17,11464
2018-02-18,11713
2018-02-19,16645
2018-02-20,32802
2018-02-21,40086
2018-02-22,16511
2018-02-23,14808
2018-02-24,15084
2018-02-25,8969
2018-02-26,31383
2018-02-27,36201
2018-02-28,37633
2018-03-01,28130
2018-03-02,6060
2018-03-03,15705
2018-03-04,15148
2018-03-05,25235
2018-03-06,28587
2018-03-07,6035
2018-03-08,13624
2018-03-09,20360
2018-03-10,16445
2018-03-11,17206
2018-03-12,23962
2018-03-13,11061
2018-03-14,22454
2018-03-15,23911
2018-03-16,21807
2018-03-17,17537
2018-03-18,16040
2018-03-19,26581
2018-03-20,21680
2018-03-21,4261
2018-03-22,11166
2018-03-23,22685
2018-03-24,22006
2018-03-25,16616
2018-03-26,28936
2018-03-27,28927
2018-03-28,26723
2018-03-29,25364
2018-03-30,20089
2018-03-31,27715
2018-04-01,20944
2018-04-02,10312
2018-04-03,15457
2018-04-04,20539
2018-04-05,26672
2018-04-06,19905
2018-04-07,20517
2018-04-08,19846
2018-04-09,27557
2018-04-10,26802
2018-04-11,34891
2018-04-12,37914
2018-04-13,46893
2018-04-14,48734
2018-04-15,11980
2018-04-16,12624
2018-04-17,30777
2018-04-18,36233
2018-04-19,23554
2018-04-20,31788
2018-04-21,36794
2018-04-22,39513
2018-04-23,46329
2018-04-24,45783
2018-04-25,16554
2018-04-26,51793
2018-04-27,24219
2018-04-28,38961
2018-04-29,27944
2018-04-30,28764
2018-05-01,56099
2018-05-02,59341
2018-05-03,52538
2018-05-04,49009
2018-05-05,45511
2018-05-06,35178
2018-05-07,51830
2018-05-08,57360
2018-05-09,56554
2018-05-10,42273
2018-05-11,51080
2018-05-12,17268
2018-05-13,12621
2018-05-14,41491
2018-05-15,35683
2018-05-16,19560
2018-05-17,24953
2018-05-18,38015
2018-05-19,9287
2018-05-20,31481
2018-05-21,56007
2018-05-22,29217
2018-05-23,54301
2018-05-24,55446
2018-05-25,47971
2018-05-26,33822
2018-05-27,11897
2018-05-28,31509
2018-05-29,51877
2018-05-30,52432
2018-05-31,35193
2018-06-01,34341
2018-06-02,36865
2018-06-03,29718
2018-06-04,36055
2018-06-05,54394
2018-06-06,52284
2018-06-07,51337
2018-06-08,49096
2018-06-09,42747
2018-06-10,22343
2018-06-11,48853
2018-06-12,58309
2018-06-13,40748
2018-06-14,54733
2018-06-15,47844
2018-06-16,40414
2018-06-17,32692
2018-06-18,44400
2018-06-19,50016
2018-06-20,53435
2018-06-21,45829
2018-06-22,47658
2018-06-23,26251
2018-06-24,35444
2018-06-25,51415
2018-06-26,56983
2018-06-27,58971
2018-06-28,38182
2018-06-29,58286
2018-06-30,44356
2018-07-01,33448
2018-07-02,46614
2018-07-03,44041
2018-07-04,31852
2018-07-05,47436
2018-07-06,32558
2018-07-07,47774
2018-07-08,46337
2018-07-09,60846
2018-07-10,61448
2018-07-11,60950
2018-07-12,62506
2018-07-13,58195
2018-07-14,43609
2018-07-15,30691
2018-07-16,52981
2018-07-17,33991
2018-07-18,59761
2018-07-19,62881
2018-07-20,56238
2018-07-21,38144
2018-07-22,26439
2018-07-23,29252
2018-07-24,51910
2018-07-25,23406
2018-07-26,52371
2018-07-27,38887
2018-07-28,41470
2018-07-29,41674
2018-07-30,55551
2018-07-31,60727
2018-08-01,40223
2018-08-02,49474
2018-08-03,41064
2018-08-04,30726
2018-08-05,38136
2018-08-06,48190
2018-08-07,49015
2018-08-08,50179
2018-08-09,52709
2018-08-10,49168
2018-08-11,18266
2018-08-12,36206
2018-08-13,27358
2018-08-14,47229
2018-08-15,56316
2018-08-16,52646
2018-08-17,43430
2018-08-18,37126
2018-08-19,25057
2018-08-20,52785
2018-08-21,58293
2018-08-22,52285
2018-08-23,52812
2018-08-24,45454
2018-08-25,39483
2018-08-26,36243
2018-08-27,45487
2018-08-28,43059
2018-08-29,40061
2018-08-30,42179
2018-08-31,35199
2018-09-01,34141
2018-09-02,33020
2018-09-03,30212
2018-09-04,43669
2018-09-05,46929
2018-09-06,41497
2018-09-07,42733
2018-09-08,34040
2018-09-09,16301
2018-09-10,13005
2018-09-11,34374
2018-09-12,32816
2018-09-13,39425
2018-09-14,43800
2018-09-15,41146
2018-09-16,40795
2018-09-17,45599
2018-09-18,28282
2018-09-19,51559
2018-09-20,49187
2018-09-21,45418
2018-09-22,42954
2018-09-23,30204
2018-09-24,45194
2018-09-25,14023
2018-09-26,35216
2018-09-27,46270
2018-09-28,27400
2018-09-29,40780
2018-09-30,37398
2018-10-01,47270
2018-10-02,47339
2018-10-03,49973
2018-10-04,46785
2018-10-05,44214
2018-10-06,32863
2018-10-07,34599
2018-10-08,33585
2018-10-09,46334
2018-10-10,49242
2018-10-11,24171
2018-10-12,42686
2018-10-13,27500
2018-10-14,33436
2018-10-15,33511
2018-10-16,48062
2018-10-17,45961
2018-10-18,39515
2018-10-19,41130
2018-10-20,33002
2018-10-21,22894
2018-10-22,39193
2018-10-23,47802
2018-10-24,44042
2018-10-25,41193
2018-10-26,36567
2018-10-27,8045
2018-10-28,25081
2018-10-29,39751
2018-10-30,44957
2018-10-31,45627
2018-11-01,51721
2018-11-02,32508
2018-11-03,25345
2018-11-04,28258
2018-11-05,17468
2018-11-06,20322
2018-11-07,47029
2018-11-08,44482
2018-11-09,20960
2018-11-10,21386
2018-11-11,21131
2018-11-12,32541
2018-11-13,18381
2018-11-14,32578
2018-11-15,11959
2018-11-16,14548
2018-11-17,21224
2018-11-18,19121
2018-11-19,34320
2018-11-20,30851
2018-11-21,24129
2018-11-22,4647
2018-11-23,9003
2018-11-24,10833
2018-11-25,20319
2018-11-26,16690
2018-11-27,30794
2018-11-28,28740
2018-11-29,30940
2018-11-30,24935
2018-12-01,19972
2018-12-02,9236
2018-12-03,36337
2018-12-04,30668
2018-12-05,27446
2018-12-06,27079
2018-12-07,24832
2018-12-08,15289
2018-12-09,14717
2018-12-10,26493
2018-12-11,28030
2018-12-12,28771
2018-12-13,20178
2018-12-14,24972
2018-12-15,16218
2018-12-16,6286
2018-12-17,27002
2018-12-18,23520
2018-12-19,24537
2018-12-20,17743
2018-12-21,10964
2018-12-22,14282
2018-12-23,12109
2018-12-24,9080
2018-12-25,6066
2018-12-26,14510
2018-12-27,17546
2018-12-28,7319
2018-12-29,18409
2018-12-30,12730
2018-12-31,10518
2019-01-01,13226
2019-01-02,23911
2019-01-03,23900
2019-01-04,23122
2019-01-05,8232
2019-01-06,16165
2019-01-07,19895
2019-01-08,18405
2019-01-09,24363
2019-01-10,19437
2019-01-11,16130
2019-01-12,11455
2019-01-13,10062
2019-01-14,17609
2019-01-15,20396
2019-01-16,21226
2019-01-17,19483
2019-01-18,14360
2019-01-19,10921
2019-01-20,5988
2019-01-21,4729
2019-01-22,12148
2019-01-23,20328
2019-01-24,9564
2019-01-25,19378
2019-01-26,11935
2019-01-27,15162
2019-01-28,19451
2019-01-29,14072
2019-01-30,10289
2019-01-31,7025
2019-02-01,10220
2019-02-02,10180
2019-02-03,16259
2019-02-04,28150
2019-02-05,32987
2019-02-06,20938
2019-02-07,22052
2019-02-08,17018
2019-02-09,11339
2019-02-10,11767
2019-02-11,20469
2019-02-12,6820
2019-02-13,14775
2019-02-14,21077
2019-02-15,23878
2019-02-16,16171
2019-02-17,12500
2019-02-18,12241
2019-02-19,17931
2019-02-20,8622
2019-02-21,17261
2019-02-22,21427
2019-02-23,15998
2019-02-24,10705
2019-02-25,15913
2019-02-26,18591
2019-02-27,16776
2019-02-28,17974
2019-03-01,13083
2019-03-02,7773
2019-03-03,10833
2019-03-04,9319
2019-03-05,15495
2019-03-06,13912
2019-03-07,15194
2019-03-08,17339
2019-03-09,19365
2019-03-10,8507
2019-03-11,28639
2019-03-12,25322
2019-03-13,25510
2019-03-14,30256
2019-03-15,24988
2019-03-16,21520
2019-03-17,16944
2019-03-18,25288
2019-03-19,28576
2019-03-20,30540
2019-03-21,10010
2019-03-22,14146
2019-03-23,17045
2019-03-24,27187
2019-03-25,30210
2019-03-26,29187
2019-03-27,29005
2019-03-28,30755
2019-03-29,30607
2019-03-30,36463
2019-03-31,15098
2019-04-01,26559
2019-04-02,31186
2019-04-03,37650
2019-04-04,36907
2019-04-05,15573
2019-04-06,36146
2019-04-07,34610
2019-04-08,41909
2019-04-09,30356
2019-04-10,40788
2019-04-11,32930
2019-04-12,28884
2019-04-13,37857
2019-04-14,30714
2019-04-15,25536
2019-04-16,40677
2019-04-17,40407
2019-04-18,32104
2019-04-19,32630
2019-04-20,16174
2019-04-21,30216
2019-04-22,24073
2019-04-23,50534
2019-04-24,49927
2019-04-25,39051
2019-04-26,15195
2019-04-27,29883
2019-04-28,19742
2019-04-29,38778
2019-04-30,34860
2019-05-01,34128
2019-05-02,37020
2019-05-03,32540
2019-05-04,29262
2019-05-05,14232
2019-05-06,45715
2019-05-07,45106
2019-05-08,40679
2019-05-09,33165
2019-05-10,28723
2019-05-11,34392
2019-05-12,5986
2019-05-13,9506
2019-05-14,18112
2019-05-15,37819
2019-05-16,40573
2019-05-17,35184
2019-05-18,37117
2019-05-19,31848
2019-05-20,39036
2019-05-21,41537
2019-05-22,43139
2019-05-23,21665
2019-05-24,38988
2019-05-25,30833
2019-05-26,25930
2019-05-27,33859
2019-05-28,25450
2019-05-29,25561
2019-05-30,22815
2019-05-31,43449
2019-06-01,36347
2019-06-02,29145
2019-06-03,42594
2019-06-04,46038
2019-06-05,34319
2019-06-06,42381
2019-06-07,42038
2019-06-08,39271
2019-06-09,36219
2019-06-10,13473
2019-06-11,35782
2019-06-12,41954
2019-06-13,17838
2019-06-14,42258
2019-06-15,38700
2019-06-16,26026
2019-06-17,32599
2019-06-18,15761
2019-06-19,24900
2019-06-20,23549
2019-06-21,28088
2019-06-22,40284
2019-06-23,37887
2019-06-24,42972
2019-06-25,29975
2019-06-26,46197
2019-06-27,45503
2019-06-28,46152
2019-06-29,40333
2019-06-30,37932
2019-07-01,46521
2019-07-02,44546
2019-07-03,38563
2019-07-04,25615
2019-07-05,40355
2019-07-06,37288
2019-07-07,52037
2019-07-08,39622
2019-07-09,56256
2019-07-10,60650
2019-07-11,44028
2019-07-12,57432
2019-07-13,53062
2019-07-14,54327
2019-07-15,68526
2019-07-16,70886
2019-07-17,64023
2019-07-18,49467
2019-07-19,46501
2019-07-20,29851
2019-07-21,40034
2019-07-22,36255
2019-07-23,29226
2019-07-24,56449
2019-07-25,53254
2019-07-26,48075
2019-07-27,45352
2019-07-28,35962
2019-07-29,45488
2019-07-30,47544
2019-07-31,35455
2019-08-01,52112
2019-08-02,47517
2019-08-03,40278
2019-08-04,35575
2019-08-05,49373
2019-08-06,48867
2019-08-07,27324
2019-08-08,47870
2019-08-09,47788
2019-08-10,46200
2019-08-11,41158
2019-08-12,47569
2019-08-13,37666
2019-08-14,40260
2019-08-15,52553
2019-08-16,45439
2019-08-17,43735
2019-08-18,31395
2019-08-19,41822
2019-08-20,47929
2019-08-21,38239
2019-08-22,41593
2019-08-23,32773
2019-08-24,39399
2019-08-25,37303
2019-08-26,46343
2019-08-27,49863
2019-08-28,35269
2019-08-29,48852
2019-08-30,43360
2019-08-31,35669
2019-09-01,35029
2019-09-02,17909
2019-09-03,50733
2019-09-04,46418
2019-09-05,52045
2019-09-06,28739
2019-09-07,40521
2019-09-08,46313
2019-09-09,49121
2019-09-10,49056
2019-09-11,52591
2019-09-12,36018
2019-09-13,47453
2019-09-14,38229
2019-09-15,41357
2019-09-16,45237
2019-09-17,53536
2019-09-18,51285
2019-09-19,49591
2019-09-20,47738
2019-09-21,43991
2019-09-22,39337
2019-09-23,47080
2019-09-24,51984
2019-09-25,52151
2019-09-26,45232
2019-09-27,47375
2019-09-28,40285
2019-09-29,38019
2019-09-30,43049
2019-10-01,48692
2019-10-02,39110
2019-10-03,16476
2019-10-04,37823
2019-10-05,30401
2019-10-06,27474
2019-10-07,33276
2019-10-08,34926
2019-10-09,20146
2019-10-10,34447
2019-10-11,33092
2019-10-12,30246
2019-10-13,27812
2019-10-14,34770
2019-10-15,39995
2019-10-16,17953
2019-10-17,26467
2019-10-18,36053
2019-10-19,34108
2019-10-20,15503
2019-10-21,43159
2019-10-22,25765
2019-10-23,42997
2019-10-24,58288
2019-10-25,64847
2019-10-26,58179
2019-10-27,27532
2019-10-28,65190
2019-10-29,50337
2019-10-30,67295
2019-10-31,32150
2019-11-01,54812
2019-11-02,47027
2019-11-03,46108
2019-11-04,69859
2019-11-05,68174
2019-11-06,67985
2019-11-07,47439
2019-11-08,29975
2019-11-09,21055
2019-11-10,26734
2019-11-11,62477
2019-11-12,51795
2019-11-13,35135
2019-11-14,42722
2019-11-15,47840
2019-11-16,22123
2019-11-17,20024
2019-11-18,21885
2019-11-19,31863
2019-11-20,34981
2019-11-21,37285
2019-11-22,35660
2019-11-23,48941
2019-11-24,26745
2019-11-25,57284
2019-11-26,66310
2019-11-27,63377
2019-11-28,34130
2019-11-29,40465
2019-11-30,27238
2019-12-01,23805
2019-12-02,25490
2019-12-03,31922
2019-12-04,38330
2019-12-05,29318
2019-12-06,29115
2019-12-07,20120
2019-12-08,19979
2019-12-09,11604
2019-12-10,20161
2019-12-11,18387
2019-12-12,24363
2019-12-13,18377
2019-12-14,15586
2019-12-15,19317
2019-12-16,22477
2019-12-17,11659
2019-12-18,21089
2019-12-19,14488
2019-12-20,18633
2019-12-21,14539
2019-12-22,15311
2019-12-23,21081
2019-12-24,14348
2019-12-25,7923
2019-12-26,16166
2019-12-27,19602
2019-12-28,18687
2019-12-29,12666
2019-12-30,9616
2019-12-31,17183
2020-01-01,12236
2020-01-02,25598
2020-01-03,17500
2020-01-04,17066
2020-01-05,16688
2020-01-06,24745
2020-01-07,26034
2020-01-08,23916
2020-01-09,21977
2020-01-10,28562
2020-01-11,32162
2020-01-12,28237
2020-01-13,29257
2020-01-14,24382
2020-01-15,32732
2020-01-16,25783
2020-01-17,19495
2020-01-18,9668
2020-01-19,14440
2020-01-20,14859
2020-01-21,20878
2020-01-22,24371
2020-01-23,27879
2020-01-24,29123
2020-01-25,11965
2020-01-26,20918
2020-01-27,27555
2020-01-28,28029
2020-01-29,27409
2020-01-30,25170
2020-01-31,26936
2020-02-01,19141
2020-02-02,17561
2020-02-03,31796
2020-02-04,26404
2020-02-05,27663
2020-02-06,16383
2020-02-07,17716
2020-02-08,19121
2020-02-09,19385
2020-02-10,15481
2020-02-11,18692
2020-02-12,28526
2020-02-13,19453
2020-02-14,21262
2020-02-15,12961
2020-02-16,17308
2020-02-17,24035
2020-02-18,23192
2020-02-19,29560
2020-02-20,24442
2020-02-21,21320
2020-02-22,22807
2020-02-23,27070
2020-02-24,34441
2020-02-25,21526
2020-02-26,24093
2020-02-27,23864
2020-02-28,23899
2020-02-29,17497
2020-03-01,19094
2020-03-02,35517
2020-03-03,28194
2020-03-04,37008
2020-03-05,36982
2020-03-06,21718
2020-03-07,23706
2020-03-08,29003
2020-03-09,49749
2020-03-10,43390
2020-03-11,45482
2020-03-12,39363
2020-03-13,30129
2020-03-14,33068
2020-03-15,28462
2020-03-16,27046
2020-03-17,20909
2020-03-18,29408
2020-03-19,18898
2020-03-20,27614
2020-03-21,28289
2020-03-22,18085
2020-03-23,5417
2020-03-24,22339
2020-03-25,11810
2020-03-26,23584
2020-03-27,25925
2020-03-28,8769
2020-03-29,9119
2020-03-30,14894
2020-03-31,14472
2020-04-01,20241
2020-04-02,18262
2020-04-03,10505
2020-04-04,27074
2020-04-05,23423
2020-04-06,24590
2020-04-07,22307
2020-04-08,18669
2020-04-09,11882
2020-04-10,13958
2020-04-11,29059
2020-04-12,27415
2020-04-13,6210
2020-04-14,23694
2020-04-15,19506
2020-04-16,18598
2020-04-17,17188
2020-04-18,13064
2020-04-19,43398
2020-04-20,19794
2020-04-21,14498
2020-04-22,21618
2020-04-23,17062
2020-04-24,11011
2020-04-25,55100
2020-04-26,8906
2020-04-27,15213
2020-04-28,38119
2020-04-29,19250
2020-04-30,11535
2020-05-01,19678
2020-05-02,62646
2020-05-03,49937
2020-05-04,27976
2020-05-05,30243
2020-05-06,16180
2020-05-07,39531
2020-05-08,16093
2020-05-09,22196
2020-05-10,45162
2020-05-11,19340
2020-05-12,31704
2020-05-13,33017
2020-05-14,33154
2020-05-15,38136
2020-05-16,60267
2020-05-17,46182
2020-05-18,29592
2020-05-19,31457
2020-05-20,35475
2020-05-21,37788
2020-05-22,37764
2020-05-23,15451
2020-05-24,56319
2020-05-25,50090
2020-05-26,40452
2020-05-27,42720
2020-05-28,34164
2020-05-29,38732
2020-05-30,60587
2020-05-31,57127
2020-06-01,38351
2020-06-02,40822
2020-06-03,28040
2020-06-04,40460
2020-06-05,26441
2020-06-06,52679
2020-06-07,57956
2020-06-08,44785
2020-06-09,46195
2020-06-10,48535
2020-06-11,30675
2020-06-12,53544
2020-06-13,65311
2020-06-14,56645
2020-06-15,42216
2020-06-16,48613
2020-06-17,47732
2020-06-18,45618
2020-06-19,58443
2020-06-20,61018
2020-06-21,49605
2020-06-22,43245
2020-06-23,48229
2020-06-24,49035
2020-06-25,51181
2020-06-26,54009
2020-06-27,40369
2020-06-28,50391
2020-06-29,45835
2020-06-30,45429
2020-07-01,42197
2020-07-02,52773
2020-07-03,39195
2020-07-04,50394
2020-07-05,41544
2020-07-06,33754
2020-07-07,45080
2020-07-08,43473
2020-07-09,53472
2020-07-10,17805
2020-07-11,41887
2020-07-12,55230
2020-07-13,46251
2020-07-14,53031
2020-07-15,54907
2020-07-16,54582
2020-07-17,45340
2020-07-18,55547
2020-07-19,42328
2020-07-20,39327
2020-07-21,49598
2020-07-22,39686
2020-07-23,42871
2020-07-24,40347
2020-07-25,60641
2020-07-26,45319
2020-07-27,42318
2020-07-28,46340
2020-07-29,51898
2020-07-30,49334
2020-07-31,42185
2020-08-01,60575
2020-08-02,40284
2020-08-03,46029
2020-08-04,24633
2020-08-05,55264
2020-08-06,52088
2020-08-07,38338
2020-08-08,58850
2020-08-09,52338
2020-08-10,46191
2020-08-11,50708
2020-08-12,43087
2020-08-13,38740
2020-08-14,54543
2020-08-15,60594
2020-08-16,21430
2020-08-17,46580
2020-08-18,54479
2020-08-19,43981
2020-08-20,57886
2020-08-21,54733
2020-08-22,55166
2020-08-23,50662
2020-08-24,46284
2020-08-25,46785
2020-08-26,57665
2020-08-27,43240
2020-08-28,49640
2020-08-29,36327
2020-08-30,60091
2020-08-31,48660
2020-09-01,48127
2020-09-02,42913
2020-09-03,47927
2020-09-04,54986
2020-09-05,57540
2020-09-06,50339
2020-09-07,50314
2020-09-08,52872
2020-09-09,55719
2020-09-10,28163
2020-09-11,60010
2020-09-12,66489
2020-09-13,51758
2020-09-14,51816
2020-09-15,54348
2020-09-16,56507
2020-09-17,56518
2020-09-18,55384
2020-09-19,55849
2020-09-20,48878
2020-09-21,46707
2020-09-22,53461
2020-09-23,59585
2020-09-24,56927
2020-09-25,58279
2020-09-26,60693
2020-09-27,52027
2020-09-28,47816
2020-09-29,35420
2020-09-30,49651
2020-10-01,57674
2020-10-02,47298
2020-10-03,59341
2020-10-04,48858
2020-10-05,47675
2020-10-06,54710
2020-10-07,52051
2020-10-08,53600
2020-10-09,53655
2020-10-10,58686
2020-10-11,44745
2020-10-12,12548
2020-10-13,28217
2020-10-14,56792
2020-10-15,59678
2020-10-16,19679
2020-10-17,52876
2020-10-18,47176
2020-10-19,46798
2020-10-20,46771
2020-10-21,51313
2020-10-22,52475
2020-10-23,51193
2020-10-24,54459
2020-10-25,36025
2020-10-26,28988
2020-10-27,46256
2020-10-28,35985
2020-10-29,16078
2020-10-30,18809
2020-10-31,8868
